mmsi,nome,tipo,severidade,porto,descricao,timestamp,atraso_h
710698025,AMAZON STAR VOLTA MANAUS-AM MONTE ALEGRE-PA,atraso,atencao,PARINTINS/AM,Entrou em 'atencao' ao chegar em PARINTINS/AM (+0.7h),2026-09-26T12:42:31.255849+00:00,0.71
710529470,ANNA KAROLINE VII BELÉM-PA-MANAUS-AM,atraso,atencao,ALMEIRIM/PA,Entrou em 'atencao' ao chegar em ALMEIRIM/PA (+0.6h),2026-09-26T15:51:52.566498+00:00,0.62
710529470,ANNA KAROLINE VII BELÉM-PA-MANAUS-AM,atraso,atencao,BREVES/PA,Entrou em 'atencao' ao chegar em BREVES/PA (+0.7h),2026-09-28T07:44:05.006101+00:00,0.67
710529470,ANNA KAROLINE VII BELÉM-PA-MANAUS-AM,atraso,critico,BELÉM/PA,Entrou em 'atrasado' ao chegar em BELÉM/PA (+2.3h),2026-09-29T20:24:59.198182+00:00,2.28
710529470,ANNA KAROLINE VII BELÉM-PA-MANAUS-AM,atraso,critico,BREVES/PA,Entrou em 'atrasado' ao chegar em BREVES/PA (+2.3h),2026-09-30T10:26:29.194349+00:00,2.26
710939623,ESMERALDA MANAUS-AM TABATINGA-AM,atraso,critico,Amaturá/AM,Entrou em 'atrasado' ao chegar em Amaturá/AM (+3.1h),2026-09-26T21:30:45.083856+00:00,3.08
710939623,ESMERALDA MANAUS-AM TABATINGA-AM,parada_nao_prevista,atencao,Jutaí-AM,Incidente no trecho para Jutaí-AM (+4.7h),2026-09-27T21:11:20.413920+00:00,8.76
710939623,ESMERALDA MANAUS-AM TABATINGA-AM,parada_nao_prevista,atencao,Fonte Boa/AM,Incidente no trecho para Fonte Boa/AM (+3.6h),2026-09-28T06:44:58.628792+00:00,12.32
710939623,ESMERALDA MANAUS-AM TABATINGA-AM,parada_nao_prevista,atencao,Fonte Boa/AM,Incidente no trecho para Fonte Boa/AM (+9.5h),2026-09-29T06:25:44.201245+00:00,24.0
710939623,ESMERALDA MANAUS-AM TABATINGA-AM,desempenho_baixo,critico,-,Embarcação com histórico recorrente de atrasos,2026-09-25T13:00:00+00:00,0
710269174,N-M ANNA KAROLINE VII VOLTA MANAUS-AM MONTE ALEGRE-PA,atraso,atencao,PARINTINS/AM,Entrou em 'atencao' ao chegar em PARINTINS/AM (+1.6h),2026-09-26T06:56:51.298657+00:00,1.55
710269174,N-M ANNA KAROLINE VII VOLTA MANAUS-AM MONTE ALEGRE-PA,atraso,critico,PARINTINS/AM,Entrou em 'atrasado' ao chegar em PARINTINS/AM (+3.8h),2026-09-27T01:41:32.886533+00:00,3.77
710043426,SAFIRA MANAUS-AM TABATINGA-AM,atraso,atencao,Amaturá/AM,Entrou em 'atencao' ao chegar em Amaturá/AM (+0.6h),2026-09-26T02:03:45.458117+00:00,0.58
710043426,SAFIRA MANAUS-AM TABATINGA-AM,atraso,atencao,Fonte Boa/AM,Entrou em 'atencao' ao chegar em Fonte Boa/AM (+0.6h),2026-09-27T08:04:11.208207+00:00,0.59
710043426,SAFIRA MANAUS-AM TABATINGA-AM,atraso,critico,Fonte Boa/AM,Entrou em 'atrasado' ao chegar em Fonte Boa/AM (+4.3h),2026-09-30T11:47:37.940999+00:00,4.31
710767367,VIEIRA VI MANAUS-AM PORTO VELHO-RO,atraso,atencao,HUMAITÁ/AM,Entrou em 'atencao' ao chegar em HUMAITÁ/AM (+0.6h),2026-09-26T04:40:02.467139+00:00,0.63
710767367,VIEIRA VI MANAUS-AM PORTO VELHO-RO,atraso,critico,HUMAITÁ/AM,Entrou em 'atrasado' ao chegar em HUMAITÁ/AM (+2.3h),2026-09-26T17:06:25.941086+00:00,2.26
710767367,VIEIRA VI MANAUS-AM PORTO VELHO-RO,atraso,critico,HUMAITÁ/AM,Entrou em 'atrasado' ao chegar em HUMAITÁ/AM (+2.4h),2026-09-27T09:03:59.065802+00:00,2.41
