mmsi,imo,nome,tipo_codigo,tipo,operador,bandeira,comprimento_m,calado_m,ano_construcao
710288390,9256788,N/M AMAZONAS 95,71,Carga Perigosa (Hazmat),RIO NEGRO TRANSP,BR,40,4.8,2019
710033327,9031245,N/M ITACOATIARA 55,71,Carga Perigosa (Hazmat),HIDROVIAS NORTE,BR,40,2.5,2023
710750801,9681454,N/M OBIDOS 26,70,Carga Geral,AMAPA NAV,BR,80,2.5,2022
710844963,,R/B AMAZONAS 98,31,Rebocador,NAVEGA BRASIL,BR,120,3.4,2002
710352945,9107176,N/T RIO BRANCO 98,80,Tanque,HIDROVIAS NORTE,BR,80,1.9,2007
710481742,,R/B NEGRO 94,31,Rebocador,AMAPA NAV,BR,25,5.9,2009
710869694,9659177,N/M OBIDOS 38,71,Carga Perigosa (Hazmat),AMAZON CARGO,BR,100,2.4,1989
710810621,9303446,N/M MARABA 30,70,Carga Geral,HIDROVIAS NORTE,BR,150,2.5,1991
710666564,,B/M PURUS 59,52,Balsa,AMAZON CARGO,BR,60,3.2,1998
710679515,,R/B ALTAMIRA 88,31,Rebocador,HIDROVIAS NORTE,BR,100,4.4,2019
710397888,9283061,B/P TOCANTINS 60,60,Passageiros,AMAPA NAV,BR,40,4.6,1988
710420652,9280747,B/P NEGRO 41,60,Passageiros,HIDROVIAS NORTE,BR,40,5.6,2021
710523482,,E/M RIO BRANCO 84,32,Empurrador,PORTAL DA AMAZONIA,BR,120,3.6,2001
710588638,9565159,N/T JURUA 96,80,Tanque,BRASIL CENTRAL NAV,BR,120,4.1,2022
710145052,,B/M ARAGUAIA 29,52,Balsa,AMAPA NAV,BR,80,1.9,1988
710167754,9830556,N/M TAPAJOS 81,71,Carga Perigosa (Hazmat),PORTAL DA AMAZONIA,BR,100,1.8,2009
710580100,,B/P PARINTINS 33,30,Pesca,AMAZON RIVER LOG,BR,120,4.7,2019
710116971,,R/B TEFE 44,31,Rebocador,BRASIL CENTRAL NAV,BR,80,2.2,1985
710187331,,R/B PARINTINS 98,31,Rebocador,AMAPA NAV,BR,25,5.4,2004
710799551,9169397,B/P TAPAJOS 48,60,Passageiros,AMAPA NAV,BR,150,5.7,1985
710117302,,E/M MACAPA 03,32,Empurrador,AMAZON CARGO,BR,150,5.1,2000
710992949,9082583,N/M JURUA 73,70,Carga Geral,HIDROVIAS NORTE,BR,120,3.7,1989
710498370,9992843,N/T TAPAJOS 85,80,Tanque,AMAPA NAV,BR,40,2.7,2023
710791953,,B/M RIO BRANCO 70,52,Balsa,RIO NEGRO TRANSP,BR,100,2.9,2008
710126883,,B/P PARINTINS 58,30,Pesca,RIO NEGRO TRANSP,BR,40,1.8,1986
710007541,9074442,B/P ITACOATIARA 29,60,Passageiros,AMAZON RIVER LOG,BR,40,1.8,1987
710249566,,E/M SOLIMOES 66,32,Empurrador,BRASIL CENTRAL NAV,BR,120,3.7,2019
710604202,9495632,N/T BARCARENA 74,80,Tanque,RIO NEGRO TRANSP,BR,150,3.6,2011
710690994,9451990,B/P MADEIRA 13,60,Passageiros,AMAZON CARGO,BR,80,3.3,1988
710763588,9355785,N/M NEGRO 52,71,Carga Perigosa (Hazmat),HIDROVIAS NORTE,BR,40,2.4,2019
710192402,,B/P TAPAJOS 55,30,Pesca,BRASIL CENTRAL NAV,BR,80,2.6,1989
710053046,,B/P OBIDOS 13,30,Pesca,AMAPA NAV,BR,150,1.6,1990
710509232,9504741,B/P TOCANTINS 53,60,Passageiros,RIO NEGRO TRANSP,BR,150,3.3,1988
710409387,9278086,N/T BELEM 01,80,Tanque,NORTE LOGISTICA,BR,60,3.4,2020
710311121,,B/P TAPAJOS 25,30,Pesca,RIO NEGRO TRANSP,BR,25,4.1,2019
710059943,9052579,N/M BARCARENA 41,70,Carga Geral,NORTE LOGISTICA,BR,100,5.6,2018
710084003,9892698,N/T NEGRO 66,80,Tanque,NAVEGA BRASIL,BR,25,4.2,2000
710258176,,B/M MADEIRA 73,52,Balsa,AMAZON RIVER LOG,BR,100,1.9,2022
710702259,,E/M PURUS 27,32,Empurrador,AMAZON CARGO,BR,40,2.7,1993
710974147,,R/B SANTAREM 41,31,Rebocador,HIDROVIAS NORTE,BR,25,3.6,2021
